{
	"neural":{
		"0":[],
		"1":[],
		"2":[],
		"3":[1.119235,1.055260,-4.302235],
		"4":[0.633315,0.200579,-1.010517,-0.064916],
		"5":[1.040383,0.305546,-1.212515],
		"6":[0.301527,0.609245,-0.868851],
		"7":[1.301088,-0.461820],
		"8":[0.145036],
		"9":[0.107916,0.304871],
		"10":[-0.176231]
	}
}