{
    "nInput":3,
    "nOutput":1,
    "nSolve":1,
    "nPerceptron":7,
    "input":[0,1,2],
    "output":[5],
    "solve":[6],

    "perceptron":{
        "0":[3,4],
        "1":[3,4],
        "2":[3,4],
        "3":[5],    
        "4":[5],
        "5":[6],
        "6":[-42]
    }
,
	"neural":{
		"0":[àûŽì],
		"1":[],
		"2":[],
		"3":[-0.677702,-0.534997,-1.007369],
		"4":[-0.442237,-0.324705,0.072039],
		"5":[5.476713,5.175164],
		"6":[]
	}
}