{
    "nInput":15,
    "nOutput":1,
    "nSolve":1,
    "nPerceptron":32,
    "input":[0,1,2,3,4,5,6,7,8,9,10,11,12,13,14],
    "output":[30],
    "solve":[31],

    "perceptron":{
        "0":[15,16,17,18,19,20,21,22,23,24],
        "1":[15,16,17,18,19,20,21,22,23,24],
        "2":[15,16,17,18,19,20,21,22,23,24],
        "3":[15,16,17,18,19,20,21,22,23,24],
        "4":[15,16,17,18,19,20,21,22,23,24],
        "5":[15,16,17,18,19,20,21,22,23,24],
        "6":[15,16,17,18,19,20,21,22,23,24],
        "7":[15,16,17,18,19,20,21,22,23,24],
        "8":[15,16,17,18,19,20,21,22,23,24],
        "9":[15,16,17,18,19,20,21,22,23,24],
        "10":[15,16,17,18,19,20,21,22,23,24],
        "11":[15,16,17,18,19,20,21,22,23,24],
        "12":[15,16,17,18,19,20,21,22,23,24],
        "13":[15,16,17,18,19,20,21,22,23,24],
        "14":[15,16,17,18,19,20,21,22,23,24],
        "15":[25,26,27,28,29],
        "16":[25,26,27,28,29],
        "17":[25,26,27,28,29],
        "18":[25,26,27,28,29],
        "19":[25,26,27,28,29],
        "20":[25,26,27,28,29],
        "21":[25,26,27,28,29],
        "22":[25,26,27,28,29],
        "23":[25,26,27,28,29],
        "24":[25,26,27,28,29],
        "25":[30],
        "26":[30],
        "27":[30],
        "28":[30],
        "29":[30],
        "30":[31],
        "31":[-42]
    }
,
	"neural":{
		"0":[€],
		"1":[],
		"2":[],
		"3":[],
		"4":[],
		"5":[],
		"6":[],
		"7":[],
		"8":[],
		"9":[],
		"10":[],
		"11":[],
		"12":[],
		"13":[],
		"14":[],
		"15":[0.520944,0.962739,-0.395050,-0.753821,-1.113025,-0.761746,-1.199050,0.242025,-0.988953,0.595022,-1.717237,1.068959,-0.506664,-2.413238,2.351341],
		"16":[-0.499951,1.203276,0.188309,0.286054,-0.170772,-0.276009,-0.353397,-1.019402,-0.143299,1.326458,-1.395477,0.742511,-0.428020,-2.739589,2.029579],
		"17":[-0.145119,0.807961,0.376561,-1.180689,-0.258878,1.290880,-0.557166,-0.269257,-0.347069,1.276711,-1.369329,0.549721,-0.694747,-2.763777,2.003431],
		"18":[0.252100,0.868948,0.230485,0.281388,-0.062212,-0.120607,-0.619795,0.066969,-0.409698,-0.175560,-1.968422,0.804841,-1.288634,-2.160504,2.602527],
		"19":[-0.070194,0.961618,-0.311609,-0.132238,-0.623818,-0.810681,1.662863,-0.347989,1.872960,1.615595,-1.252802,0.617611,-0.404733,-2.880536,1.886905],
		"20":[-0.133882,1.629613,-0.694171,-0.669266,-0.372895,-0.405293,-0.962490,-1.079678,-0.752393,1.404263,-1.601935,0.288485,-0.591968,-2.527307,2.236040],
		"21":[-0.049514,0.682409,0.295217,0.717189,0.182428,-0.247035,0.881164,-0.048099,1.091262,-0.144059,-2.015920,0.788146,-1.231658,-2.118344,2.650022],
		"22":[-0.634395,0.267495,-2.023091,-0.082907,0.920808,-1.026868,0.140635,-0.218070,0.350732,0.342565,-0.763964,1.397310,-1.385158,-3.367628,1.398068],
		"23":[0.631894,0.390969,0.936960,0.256367,-2.007175,-1.334073,-0.897526,0.924751,-0.687428,1.405356,-1.660023,1.104738,0.276538,-2.476158,2.294124],
		"24":[-1.388521,0.705137,0.864997,0.732097,1.092724,1.218133,0.023883,-1.409829,0.233981,0.534358,-2.017638,0.540951,-0.802946,-2.120860,2.651738],
		"25":[0.383582,-1.062652,-0.110931,-0.883398,1.910540,-1.473037,0.233618,-0.061806,0.452770,1.625920],
		"26":[-0.832389,-0.446339,0.581290,0.575195,-0.887274,-0.824811,1.960991,0.602506,-0.172793,0.458234],
		"27":[-0.746161,0.362918,0.046472,-0.304052,0.527167,1.154323,0.055767,0.648796,-0.752846,0.022229],
		"28":[-1.171442,-1.742423,0.685847,-0.762208,-0.022693,0.269723,1.166852,-0.375432,2.081014,0.885368],
		"29":[-0.602062,0.442631,-0.840086,-1.441659,0.247709,-1.166110,1.127016,1.909246,0.078125,1.259798],
		"30":[1.438927,0.778644,0.892662,-0.235518,-2.444224],
		"31":[-0.125928]
	}
}