{
	"neural":{
		"0":[],
		"1":[],
		"2":[],
		"3":[38.021039,38.200881,34.387087],
		"4":[2.713049,3.092831,0.240443,13.663858],
		"5":[64.139696,64.148234,-25.150658],
		"6":[64.153507,64.134360,-25.150648],
		"7":[-13.449461,29.270302],
		"8":[15.315115],
		"9":[40.002585,-24.592087],
		"10":[-2.576124]
	}
}